day_name,day_title,day_description,day_est_time,day_breakfast,day_dinner,day_lunch,day_hotel,day_dis_date
Backlog,,,,,,,,
Day_01,啟程飛往慕尼黑,早上跟老媽在慕尼黑機場會合，放下行李，中午到慕尼黑市區吃越南麵，下午參觀老陳列博物館，晚上到聖母教堂旁吃德國豬腳，入住機場附近的飯店,今日行程已安排 3 小時,,Augustiner Klosterwirt (https://app.notion.com/p/Augustiner-Klosterwirt-3f254aaf45f08057870ceb55e12e9518?pvs=21),"PhoYou, munich (https://app.notion.com/p/PhoYou-munich-3f254aaf45f080fca3b7e0889914d6e4?pvs=21)",Novotel München Airport (https://app.notion.com/p/Novotel-M-nchen-Airport-3f254aaf45f08001956cfbba1ea39d2f?pvs=21),Day 1 ｜ 6/12 (週五)
Day_02,冰洞與國王湖,抵達慕尼黑後前往冰洞，再搭乘國王湖電動船，夜宿國王湖區。,今日行程已安排 2 小時,,飯店主廚料理 (https://app.notion.com/p/2d754aaf45f0823a996501b3380e3e92?pvs=21),Stiege No1 (https://app.notion.com/p/Stiege-No1-3f254aaf45f08039a65bf6bed356f5dd?pvs=21),Kempinski（國王湖區） (https://app.notion.com/p/Kempinski-ea054aaf45f08399958701cd6989b6e7?pvs=21),Day 2 ｜ 6/13 (週六)
Day_03,布萊耶斯湖與科爾蒂納,走訪布萊耶斯湖，傍晚抵達多洛米堤山城科爾蒂納丹佩佐。,今日行程已安排 5.5 小時,飯店內早餐 (https://app.notion.com/p/44354aaf45f08207af978175023639d5?pvs=21),烤花枝料理 (https://app.notion.com/p/a6754aaf45f082bfb58a014eb317bb86?pvs=21),鱒魚料理 (https://app.notion.com/p/04654aaf45f0830380178145a6cbb211?pvs=21),Faloria Mountain Resort (https://app.notion.com/p/Faloria-Mountain-Resort-e0554aaf45f08371a3410100de162c6b?pvs=21),Day 3 ｜ 6/14 (週日)
Day_04,三尖峰與索拉皮斯湖,經典三尖峰健行，走訪米蘇里娜湖與高山湖索拉皮斯湖。,今日行程已安排 5 小時,飯店內早餐 (https://app.notion.com/p/44354aaf45f08207af978175023639d5?pvs=21),山區料理 (https://app.notion.com/p/b4f54aaf45f0834c8e3701cefd3a7ca7?pvs=21),湖區料理 (https://app.notion.com/p/67d54aaf45f0832fa5f0019adca875ad?pvs=21),Faloria Mountain Resort (https://app.notion.com/p/Faloria-Mountain-Resort-e0554aaf45f08371a3410100de162c6b?pvs=21),Day 4 ｜ 6/15 (週一)
Day_05,五塔峰與卡雷扎湖,穿越大白雲巖路，安排五塔峰、波多伊隘口、卡雷扎湖與嘉蒂娜山谷。,今日行程已安排 8.5 小時,飯店內早餐 (https://app.notion.com/p/44354aaf45f08207af978175023639d5?pvs=21),飯店主廚料理 (https://app.notion.com/p/2d754aaf45f0823a996501b3380e3e92?pvs=21),鱒魚料理 (https://app.notion.com/p/04654aaf45f0830380178145a6cbb211?pvs=21),My Arbor - Dolomites (https://app.notion.com/p/My-Arbor-Dolomites-2ac54aaf45f08243a88a81077e82d630?pvs=21),Day 5 ｜ 6/16 (週二)
Day_06,藍柯弗爾山環遊,搭乘三段不同樣式纜車，從不同角度欣賞藍柯弗爾山與塞拉群山。,今日行程已安排 3 小時,飯店內早餐 (https://app.notion.com/p/44354aaf45f08207af978175023639d5?pvs=21),飯店主廚料理 (https://app.notion.com/p/2d754aaf45f0823a996501b3380e3e92?pvs=21),山區料理 (https://app.notion.com/p/b4f54aaf45f0834c8e3701cefd3a7ca7?pvs=21),My Arbor - Dolomites (https://app.notion.com/p/My-Arbor-Dolomites-2ac54aaf45f08243a88a81077e82d630?pvs=21),Day 6 ｜ 6/17 (週三)
Day_07,刀鋒山與休斯高原,走訪刀鋒山、嘉蒂納山谷與歐洲最高高山草原休斯高原。,今日行程已安排 5 小時,飯店內早餐 (https://app.notion.com/p/44354aaf45f08207af978175023639d5?pvs=21),飯店主廚料理 (https://app.notion.com/p/2d754aaf45f0823a996501b3380e3e92?pvs=21),龍蝦麵料理 (https://app.notion.com/p/f7124d7944334f6ba6b61b8c3db3a105?pvs=21),My Arbor - Dolomites (https://app.notion.com/p/My-Arbor-Dolomites-2ac54aaf45f08243a88a81077e82d630?pvs=21),Day 7 ｜ 6/18 (週四)
Day_08,山巔藝術秘境,登上克隆普拉茲山，探索 Lumen 攝影美術館與 MMM Corones 山岳博物館。,今日行程已安排 4 小時,飯店內早餐 (https://app.notion.com/p/44354aaf45f08207af978175023639d5?pvs=21),飯店主廚料理 (https://app.notion.com/p/2d754aaf45f0823a996501b3380e3e92?pvs=21),烤雞料理 (https://app.notion.com/p/36497bc394a24c79a89c3554240b453d?pvs=21),Falkensteiner Hotel Kronplatz (https://app.notion.com/p/Falkensteiner-Hotel-Kronplatz-94954aaf45f08242931a013a1635f02f?pvs=21),Day 8 ｜ 6/19 (週五)
Day_09,三星米其林與富內斯山谷,以三星米其林饗宴開啟一天，傍晚漫步富內斯山谷。,今日行程已安排 5 小時,飯店內早餐 (https://app.notion.com/p/44354aaf45f08207af978175023639d5?pvs=21),,三星米其林料理 (https://app.notion.com/p/05d54aaf45f0831281720125ec5dab29?pvs=21),Falkensteiner Hotel Kronplatz (https://app.notion.com/p/Falkensteiner-Hotel-Kronplatz-94954aaf45f08242931a013a1635f02f?pvs=21),Day 9 ｜ 6/20 (週六)
Day_10,因斯布魯克與阿亨湖,前往奧地利因斯布魯克老城與黃金屋頂，再到阿亨湖，夜宿巴伐利亞度假飯店。,今日行程已安排 2.5 小時,飯店內早餐 (https://app.notion.com/p/44354aaf45f08207af978175023639d5?pvs=21),飯店主廚料理 (https://app.notion.com/p/2d754aaf45f0823a996501b3380e3e92?pvs=21),西式風味料理 (https://app.notion.com/p/c108b47e84c2461cb38b69b75be6ba95?pvs=21),Alpin Resort Sacher (https://app.notion.com/p/Alpin-Resort-Sacher-9e654aaf45f0837aa533018c3b1a390e?pvs=21),Day 10 ｜ 6/21 (週日)
Day_11,楚格峰與慕尼黑,走訪加爾米施與德國最高峰楚格峰，傍晚返回慕尼黑市區散步。,今日行程已安排 5.5 小時,飯店內早餐 (https://app.notion.com/p/44354aaf45f08207af978175023639d5?pvs=21),米其林推薦料理 (https://app.notion.com/p/98694f3e997d4866a54b2edcac7e35e0?pvs=21),山頂套餐料理 (https://app.notion.com/p/2cd621080bda42129c36f9b5bc9c6118?pvs=21),Kempinski（慕尼黑） (https://app.notion.com/p/Kempinski-46b54aaf45f0826ca17f01dbf2f789be?pvs=21),Day 11 ｜ 6/22 (週一)
Day_12,慕尼黑返台,上午整理行李，搭乘長榮航空 BR072 返回台北，夜宿機上。,今日行程已安排 0.5 小時,飯店內早餐 (https://app.notion.com/p/44354aaf45f08207af978175023639d5?pvs=21),機上餐 (https://app.notion.com/p/42a54aaf45f083da81ce81759179b9fc?pvs=21),機上餐 (https://app.notion.com/p/42a54aaf45f083da81ce81759179b9fc?pvs=21),,Day 12 ｜ 6/23 (週二)
Day_13,抵達台北,抵達台北，結束 13 天多洛米堤旅程。,今日行程已安排 0.5 小時,,,,,Day 13 ｜ 6/24 (週三)
Day_14,,,,,,,,
Day_15,,,,,,,,
Day_16,,,,,,,,
Day_17,,,,,,,,
Day_18,,,,,,,,
Day_19,,,,,,,,
Day_20,,,,,,,,
Day_21,,,,,,,,
Day_22,,,,,,,,
Day_23,,,,,,,,
Day_24,,,,,,,,
Day_25,,,,,,,,
Day_26,,,,,,,,
Day_27,,,,,,,,
Day_28,,,,,,,,
Day_29,,,,,,,,
Day_30,,,,,,,,