pack_name,pack_packed,pack_type,pack_num
歐元現金／信用卡,No,A_重要物品/文件,
旅遊保險與行程文件,No,A_重要物品/文件,
身分證/健保卡,No,A_重要物品/文件,
大頭照,No,A_重要物品/文件,
隨身小包,No,A_重要物品/文件,
重要文件影本,No,A_重要物品/文件,
現金,No,A_重要物品/文件,
護照(確認有效期>6個月),No,A_重要物品/文件,
圍巾/手套/暖暖包/脖圍,No,B_衣物鞋襪,
厚/薄外套,No,B_衣物鞋襪,
衣服,No,B_衣物鞋襪,20
褲子/裙子,No,B_衣物鞋襪,10
內衣/內褲/襪子…,No,B_衣物鞋襪,10
睡衣睡褲,No,B_衣物鞋襪,
帽子,No,B_衣物鞋襪,
化妝包 (粉底/蜜粉/眉筆/眼線筆/隔離霜/防曬霜),No,C_盥洗用品,
保養品/乳液,No,C_盥洗用品,
旅行配件 (牙刷/牙膏/刮鬍刀),No,C_盥洗用品,
沐浴用品 (沐浴/洗髮/潤髮/洗臉/卸妝),No,C_盥洗用品,
衣物袋/髒衣袋,No,C_盥洗用品,
盥洗用品 (旅行袋/拖鞋/衣架/毛巾),No,C_盥洗用品,4
急救包 (ＯＫ蹦/碘酒棉片),No,D_藥品,
常備藥品 (抗過敏/綜合感冒/止痛/腸胃/退燒),No,D_藥品,
維他命/益生菌,No,D_藥品,
行動電源,No,E_電子產品/旅行配件,
充電器,No,E_電子產品/旅行配件,
手機/平板/電腦/耳機,No,E_電子產品/旅行配件,
萬用插頭,No,E_電子產品/旅行配件,
充電器與轉接頭,No,E_電子產品/旅行配件,
零食/餅乾/糖果,Yes,F_其他,
牙線棒/指甲剪,No,F_其他,
面紙/濕紙巾,No,F_其他,
保溫瓶/口罩/夾鏈袋,No,F_其他,
雨傘/雨衣,Yes,F_其他,
備用眼鏡/隱形眼鏡,No,F_其他,
書本與娛樂,No,F_其他,
文具包(紙/筆/貼),Yes,F_其他,