day_name,day_breakfast,day_date,day_description,day_dinner,day_dis_date,day_duration,day_est_time,day_hotel,day_image,day_itin,day_lunch,day_no,day_start_date,day_title,day_trip
Backlog,,,,,,0,,,,無標題 (https://app.notion.com/p/2f1a2c52cabe80ba88f4cf732ea37cae?pvs=21),,,2026年6月12日,,🇮🇹 2026 義大利多洛米蒂兩週遊 (https://app.notion.com/p/2026-efe54aaf45f0832ab7388144e41b3643?pvs=21)
Day_01,,2026年6月12日,早上跟老媽在慕尼黑機場會合，放下行李，中午到慕尼黑市區吃越南麵，下午參觀老陳列博物館，晚上到聖母教堂旁吃德國豬腳，入住機場附近的飯店,Augustiner Klosterwirt (https://app.notion.com/p/Augustiner-Klosterwirt-3f254aaf45f08057870ceb55e12e9518?pvs=21),Day 1 ｜ 6/12 (週五),3,今日行程已安排 3 小時,Novotel München Airport (https://app.notion.com/p/Novotel-M-nchen-Airport-3f254aaf45f08001956cfbba1ea39d2f?pvs=21),PXL_20260618_083612589.jpg,"特里爾→慕尼黑 (https://app.notion.com/p/9305828782e24c749e9df6d8130ffc13?pvs=21), 參觀老繪畫陳列館 (https://app.notion.com/p/3f254aaf45f08044a106d3adbf0677b2?pvs=21)","PhoYou, munich (https://app.notion.com/p/PhoYou-munich-3f254aaf45f080fca3b7e0889914d6e4?pvs=21)",1,2026年6月12日,啟程飛往慕尼黑,🇮🇹 2026 義大利多洛米蒂兩週遊 (https://app.notion.com/p/2026-efe54aaf45f0832ab7388144e41b3643?pvs=21)
Day_02,,2026年6月13日,抵達慕尼黑後前往冰洞，再搭乘國王湖電動船，夜宿國王湖區。,飯店主廚料理 (https://app.notion.com/p/2d754aaf45f0823a996501b3380e3e92?pvs=21),Day 2 ｜ 6/13 (週六),2,今日行程已安排 2 小時,Kempinski（國王湖區） (https://app.notion.com/p/Kempinski-ea054aaf45f08399958701cd6989b6e7?pvs=21),PXL_20260613_140859103.jpg,艾斯瑞威爾特冰洞 (https://app.notion.com/p/27e54aaf45f083829fcc01f932e4be81?pvs=21),Stiege No1 (https://app.notion.com/p/Stiege-No1-3f254aaf45f08039a65bf6bed356f5dd?pvs=21),2,2026年6月12日,冰洞與國王湖,🇮🇹 2026 義大利多洛米蒂兩週遊 (https://app.notion.com/p/2026-efe54aaf45f0832ab7388144e41b3643?pvs=21)
Day_03,飯店內早餐 (https://app.notion.com/p/44354aaf45f08207af978175023639d5?pvs=21),2026年6月14日,走訪布萊耶斯湖，傍晚抵達多洛米堤山城科爾蒂納丹佩佐。,烤花枝料理 (https://app.notion.com/p/a6754aaf45f082bfb58a014eb317bb86?pvs=21),Day 3 ｜ 6/14 (週日),5.5,今日行程已安排 5.5 小時,Faloria Mountain Resort (https://app.notion.com/p/Faloria-Mountain-Resort-e0554aaf45f08371a3410100de162c6b?pvs=21),,"無標題 (https://app.notion.com/p/2f1a2c52cabe80ba88f4cf732ea37cae?pvs=21), 科爾蒂納丹佩佐小鎮漫步 (https://app.notion.com/p/f3d54aaf45f0832996c481b335ff59de?pvs=21), 布萊耶斯湖 (https://app.notion.com/p/2a154aaf45f08222b3df812a2ec50267?pvs=21), 國王湖下湖區電動船 (https://app.notion.com/p/63954aaf45f0821ea991815d62112b25?pvs=21)",鱒魚料理 (https://app.notion.com/p/04654aaf45f0830380178145a6cbb211?pvs=21),3,2026年6月12日,布萊耶斯湖與科爾蒂納,🇮🇹 2026 義大利多洛米蒂兩週遊 (https://app.notion.com/p/2026-efe54aaf45f0832ab7388144e41b3643?pvs=21)
Day_04,飯店內早餐 (https://app.notion.com/p/44354aaf45f08207af978175023639d5?pvs=21),2026年6月15日,經典三尖峰健行，走訪米蘇里娜湖與高山湖索拉皮斯湖。,山區料理 (https://app.notion.com/p/b4f54aaf45f0834c8e3701cefd3a7ca7?pvs=21),Day 4 ｜ 6/15 (週一),5,今日行程已安排 5 小時,Faloria Mountain Resort (https://app.notion.com/p/Faloria-Mountain-Resort-e0554aaf45f08371a3410100de162c6b?pvs=21),,"米蘇里娜湖 (https://app.notion.com/p/cc554aaf45f08292ab3681500fb9a14f?pvs=21), 三尖峰健行 (https://app.notion.com/p/3d354aaf45f08378ae6d81d644679fad?pvs=21)",湖區料理 (https://app.notion.com/p/67d54aaf45f0832fa5f0019adca875ad?pvs=21),4,2026年6月12日,三尖峰與索拉皮斯湖,🇮🇹 2026 義大利多洛米蒂兩週遊 (https://app.notion.com/p/2026-efe54aaf45f0832ab7388144e41b3643?pvs=21)
Day_05,飯店內早餐 (https://app.notion.com/p/44354aaf45f08207af978175023639d5?pvs=21),2026年6月16日,穿越大白雲巖路，安排五塔峰、波多伊隘口、卡雷扎湖與嘉蒂娜山谷。,飯店主廚料理 (https://app.notion.com/p/2d754aaf45f0823a996501b3380e3e92?pvs=21),Day 5 ｜ 6/16 (週二),8.5,今日行程已安排 8.5 小時,My Arbor - Dolomites (https://app.notion.com/p/My-Arbor-Dolomites-2ac54aaf45f08243a88a81077e82d630?pvs=21),,"五塔峰健行／纜車 (https://app.notion.com/p/81854aaf45f083228c3a81716c81a120?pvs=21), 大白雲巖路與波多伊隘口 (https://app.notion.com/p/85a54aaf45f082a9a89b0194c2354d46?pvs=21), 卡雷扎湖 (https://app.notion.com/p/2fb54aaf45f0826e915581424bad58ea?pvs=21), 嘉蒂娜山谷車遊 (https://app.notion.com/p/27854aaf45f082aebf810149d639a293?pvs=21), 索拉皮斯湖健行 (https://app.notion.com/p/f5c54aaf45f0824296f681d07c02153d?pvs=21)",鱒魚料理 (https://app.notion.com/p/04654aaf45f0830380178145a6cbb211?pvs=21),5,2026年6月12日,五塔峰與卡雷扎湖,🇮🇹 2026 義大利多洛米蒂兩週遊 (https://app.notion.com/p/2026-efe54aaf45f0832ab7388144e41b3643?pvs=21)
Day_06,飯店內早餐 (https://app.notion.com/p/44354aaf45f08207af978175023639d5?pvs=21),2026年6月17日,搭乘三段不同樣式纜車，從不同角度欣賞藍柯弗爾山與塞拉群山。,飯店主廚料理 (https://app.notion.com/p/2d754aaf45f0823a996501b3380e3e92?pvs=21),Day 6 ｜ 6/17 (週三),3,今日行程已安排 3 小時,My Arbor - Dolomites (https://app.notion.com/p/My-Arbor-Dolomites-2ac54aaf45f08243a88a81077e82d630?pvs=21),,"藍柯弗爾山環遊 I (https://app.notion.com/p/I-b8954aaf45f08290ac3e014de4eeaf35?pvs=21), 藍柯弗爾山環遊 II (https://app.notion.com/p/II-6fe54aaf45f082c38f8d81811a83ce5c?pvs=21)",山區料理 (https://app.notion.com/p/b4f54aaf45f0834c8e3701cefd3a7ca7?pvs=21),6,2026年6月12日,藍柯弗爾山環遊,🇮🇹 2026 義大利多洛米蒂兩週遊 (https://app.notion.com/p/2026-efe54aaf45f0832ab7388144e41b3643?pvs=21)
Day_07,飯店內早餐 (https://app.notion.com/p/44354aaf45f08207af978175023639d5?pvs=21),2026年6月18日,走訪刀鋒山、嘉蒂納山谷與歐洲最高高山草原休斯高原。,飯店主廚料理 (https://app.notion.com/p/2d754aaf45f0823a996501b3380e3e92?pvs=21),Day 7 ｜ 6/18 (週四),5,今日行程已安排 5 小時,My Arbor - Dolomites (https://app.notion.com/p/My-Arbor-Dolomites-2ac54aaf45f08243a88a81077e82d630?pvs=21),,"休斯高原（Alpe di Siusi） (https://app.notion.com/p/Alpe-di-Siusi-5f854aaf45f08291ac7a814d17450993?pvs=21), 嘉蒂納山谷漫遊 (https://app.notion.com/p/b8b54aaf45f082df816281c1051412e4?pvs=21), 刀鋒山（Seceda）纜車 (https://app.notion.com/p/Seceda-45454aaf45f082e98dde81bf7cdc699a?pvs=21)",龍蝦麵料理 (https://app.notion.com/p/f7124d7944334f6ba6b61b8c3db3a105?pvs=21),7,2026年6月12日,刀鋒山與休斯高原,🇮🇹 2026 義大利多洛米蒂兩週遊 (https://app.notion.com/p/2026-efe54aaf45f0832ab7388144e41b3643?pvs=21)
Day_08,飯店內早餐 (https://app.notion.com/p/44354aaf45f08207af978175023639d5?pvs=21),2026年6月19日,登上克隆普拉茲山，探索 Lumen 攝影美術館與 MMM Corones 山岳博物館。,飯店主廚料理 (https://app.notion.com/p/2d754aaf45f0823a996501b3380e3e92?pvs=21),Day 8 ｜ 6/19 (週五),4,今日行程已安排 4 小時,Falkensteiner Hotel Kronplatz (https://app.notion.com/p/Falkensteiner-Hotel-Kronplatz-94954aaf45f08242931a013a1635f02f?pvs=21),,"梅斯納爾山岳博物館 MMM Corones (https://app.notion.com/p/MMM-Corones-81d54aaf45f08238a92f01da8182789f?pvs=21), Lumen山脈攝影美術館 (https://app.notion.com/p/Lumen-60e54aaf45f083338539814e24309a7a?pvs=21)",烤雞料理 (https://app.notion.com/p/36497bc394a24c79a89c3554240b453d?pvs=21),8,2026年6月12日,山巔藝術秘境,🇮🇹 2026 義大利多洛米蒂兩週遊 (https://app.notion.com/p/2026-efe54aaf45f0832ab7388144e41b3643?pvs=21)
Day_09,飯店內早餐 (https://app.notion.com/p/44354aaf45f08207af978175023639d5?pvs=21),2026年6月20日,以三星米其林饗宴開啟一天，傍晚漫步富內斯山谷。,,Day 9 ｜ 6/20 (週六),5,今日行程已安排 5 小時,Falkensteiner Hotel Kronplatz (https://app.notion.com/p/Falkensteiner-Hotel-Kronplatz-94954aaf45f08242931a013a1635f02f?pvs=21),,"三星米其林饗宴 (https://app.notion.com/p/ec454aaf45f083fa91050182ca633edc?pvs=21), 富內斯山谷漫步 (https://app.notion.com/p/e7754aaf45f083dcb7ff81b99783b5d2?pvs=21)",三星米其林料理 (https://app.notion.com/p/05d54aaf45f0831281720125ec5dab29?pvs=21),9,2026年6月12日,三星米其林與富內斯山谷,🇮🇹 2026 義大利多洛米蒂兩週遊 (https://app.notion.com/p/2026-efe54aaf45f0832ab7388144e41b3643?pvs=21)
Day_10,飯店內早餐 (https://app.notion.com/p/44354aaf45f08207af978175023639d5?pvs=21),2026年6月21日,前往奧地利因斯布魯克老城與黃金屋頂，再到阿亨湖，夜宿巴伐利亞度假飯店。,飯店主廚料理 (https://app.notion.com/p/2d754aaf45f0823a996501b3380e3e92?pvs=21),Day 10 ｜ 6/21 (週日),2.5,今日行程已安排 2.5 小時,Alpin Resort Sacher (https://app.notion.com/p/Alpin-Resort-Sacher-9e654aaf45f0837aa533018c3b1a390e?pvs=21),,"因斯布魯克老城與黃金屋頂 (https://app.notion.com/p/7c4ee3ef22c34976b40fd68d24e6b341?pvs=21), 阿亨湖 (https://app.notion.com/p/743fcc7c6494454e8484cc28b00c65ad?pvs=21)",西式風味料理 (https://app.notion.com/p/c108b47e84c2461cb38b69b75be6ba95?pvs=21),10,2026年6月12日,因斯布魯克與阿亨湖,🇮🇹 2026 義大利多洛米蒂兩週遊 (https://app.notion.com/p/2026-efe54aaf45f0832ab7388144e41b3643?pvs=21)
Day_11,飯店內早餐 (https://app.notion.com/p/44354aaf45f08207af978175023639d5?pvs=21),2026年6月22日,走訪加爾米施與德國最高峰楚格峰，傍晚返回慕尼黑市區散步。,米其林推薦料理 (https://app.notion.com/p/98694f3e997d4866a54b2edcac7e35e0?pvs=21),Day 11 ｜ 6/22 (週一),5.5,今日行程已安排 5.5 小時,Kempinski（慕尼黑） (https://app.notion.com/p/Kempinski-46b54aaf45f0826ca17f01dbf2f789be?pvs=21),,"楚格峰登頂與山頂散步 (https://app.notion.com/p/cdf97390939c402598cc01444de531ac?pvs=21), 慕尼黑市區散步：瑪利亞廣場、新市政廳 (https://app.notion.com/p/70f44fd23e3e4d7db6f36b81a80ebb4d?pvs=21), 加爾米施小鎮 (https://app.notion.com/p/4127cf87d7804dc5ac4d32ce8cff681e?pvs=21)",山頂套餐料理 (https://app.notion.com/p/2cd621080bda42129c36f9b5bc9c6118?pvs=21),11,2026年6月12日,楚格峰與慕尼黑,🇮🇹 2026 義大利多洛米蒂兩週遊 (https://app.notion.com/p/2026-efe54aaf45f0832ab7388144e41b3643?pvs=21)
Day_12,飯店內早餐 (https://app.notion.com/p/44354aaf45f08207af978175023639d5?pvs=21),2026年6月23日,上午整理行李，搭乘長榮航空 BR072 返回台北，夜宿機上。,機上餐 (https://app.notion.com/p/42a54aaf45f083da81ce81759179b9fc?pvs=21),Day 12 ｜ 6/23 (週二),0.5,今日行程已安排 0.5 小時,,,慕尼黑→台北（夜宿機上） (https://app.notion.com/p/7638b906c2a64d5aa14a6d452283ea32?pvs=21),機上餐 (https://app.notion.com/p/42a54aaf45f083da81ce81759179b9fc?pvs=21),12,2026年6月12日,慕尼黑返台,🇮🇹 2026 義大利多洛米蒂兩週遊 (https://app.notion.com/p/2026-efe54aaf45f0832ab7388144e41b3643?pvs=21)
Day_13,,2026年6月24日,抵達台北，結束 13 天多洛米堤旅程。,,Day 13 ｜ 6/24 (週三),0.5,今日行程已安排 0.5 小時,,,抵達台北 (https://app.notion.com/p/d7f54aaf45f08226956f01d7b67d484b?pvs=21),,13,2026年6月12日,抵達台北,🇮🇹 2026 義大利多洛米蒂兩週遊 (https://app.notion.com/p/2026-efe54aaf45f0832ab7388144e41b3643?pvs=21)
Day_14,,,,,,0,,,,,,14,,,
Day_15,,,,,,0,,,,,,15,,,
Day_16,,,,,,0,,,,,,16,,,
Day_17,,,,,,0,,,,,,17,,,
Day_18,,,,,,0,,,,,,18,,,
Day_19,,,,,,0,,,,,,19,,,
Day_20,,,,,,0,,,,,,20,,,
Day_21,,,,,,0,,,,,,21,,,
Day_22,,,,,,0,,,,,,22,,,
Day_23,,,,,,0,,,,,,23,,,
Day_24,,,,,,0,,,,,,24,,,
Day_25,,,,,,0,,,,,,25,,,
Day_26,,,,,,0,,,,,,26,,,
Day_27,,,,,,0,,,,,,27,,,
Day_28,,,,,,0,,,,,,28,,,
Day_29,,,,,,0,,,,,,29,,,
Day_30,,,,,,0,,,,,,30,,,