itin_item,itin_day,itin_day_no,itin_duration,itin_time,spot_description,spot_image,spot_location,spot_open_time,spot_page_name,spot_phone,spot_slide_order,spot_slide_type,spot_ticket,spot_type,spot_website
富內斯山谷漫步,Day_09 (https://app.notion.com/p/Day_09-01854aaf45f083c69555813a336a9e4c?pvs=21),9,2,18:00,走訪多洛米堤最具代表性的山谷景觀，欣賞聖馬達萊納教堂與白雲石群峰。,,"Val di Funes, South Tyrol, Italy",,多洛米蒂山景,,9,Type_C: 左圖片右文字,,景點,
藍柯弗爾山環遊 I,Day_06 (https://app.notion.com/p/Day_06-77d54aaf45f082b4b6a9014f097cd948?pvs=21),6,1,11:00,搭乘第一段纜車展開藍柯弗爾山環遊，欣賞塞拉群山景色。,,"Langkofel, Val Gardena, Italy",,多洛米蒂山景,,5,Type_B: 圖文左右交叉,纜車套票,活動,
米蘇里娜湖,Day_04 (https://app.notion.com/p/Day_04-8e854aaf45f0821a992101f6a34b94cb?pvs=21),4,2,13:00,有「多洛米堤的珍珠」之稱，湖泊被群山環抱。,,"Lake Misurina, Italy",,湖泊與高山,,3,Type_B: 圖文左右交叉,,景點,
梅斯納爾山岳博物館 MMM Corones,Day_08 (https://app.notion.com/p/Day_08-0db54aaf45f083b99949811212069afd?pvs=21),8,2,13:30,"由 Zaha Hadid 設計、嵌入海拔約 2,275 公尺山巔的山岳博物館。",,"Kronplatz, South Tyrol, Italy",,城市與文化,,4,Type_C: 左圖片右文字,纜車套票,景點,
嘉蒂納山谷漫遊,Day_07 (https://app.notion.com/p/Day_07-4a354aaf45f08378832681bf51f0c8fe?pvs=21),7,1.5,11:30,沿向陽草坡緩步下行，欣賞賽拉山群與藍柯弗爾山峰。,,"Val Gardena, South Tyrol, Italy",,多洛米蒂山景,,8,Type_A: 路線風格,視纜車狀況安排,活動,
三星米其林饗宴,Day_09 (https://app.notion.com/p/Day_09-01854aaf45f083c69555813a336a9e4c?pvs=21),9,3,12:00,在歷史建築與 280 度景觀中享用多洛米堤山區三星米其林料理。,,"Dolomites, Italy",,城市與文化,,5,Type_B: 圖文左右交叉,團體行程安排,活動,
艾斯瑞威爾特冰洞,Day_02 (https://app.notion.com/p/Day_02-4ea54aaf45f08291aa8f0148473f57e1?pvs=21),2,2,13:00,世界最大冰洞之一，洞內終年接近 0 度，沿冰牆與冰瀑探索冰雪世界。,PXL_20260613_142728735.jpg,"Werfen, Austria",,城市與文化,,1,Type_B: 圖文左右交叉,團體行程安排,景點,
科爾蒂納丹佩佐小鎮漫步,Day_03 (https://app.notion.com/p/Day_03-53054aaf45f082f7bdd601f693e4b731?pvs=21),3,1,17:30,多洛米堤知名山城與滑雪勝地，安排抵達後的小鎮散步。,,"Cortina d’Ampezzo, Italy",,城市與文化,,2,Type_B: 圖文左右交叉,,景點,
藍柯弗爾山環遊 II,Day_06 (https://app.notion.com/p/Day_06-77d54aaf45f082b4b6a9014f097cd948?pvs=21),6,2,14:00,搭配不同樣式纜車與緩坡健行，從不同角度欣賞三座獨立山峰。,,"Langkofel, Val Gardena, Italy",,多洛米蒂山景,,6,Type_B: 圖文左右交叉,纜車套票,活動,
休斯高原（Alpe di Siusi）,Day_07 (https://app.notion.com/p/Day_07-4a354aaf45f08378832681bf51f0c8fe?pvs=21),7,2,15:00,歐洲最高的高山草原之一，展開草原、森林與群峰交織的壯麗景色。,,"Alpe di Siusi, Italy",,湖泊與高山,,6,Type_C: 左圖片右文字,纜車套票,景點,
Lumen山脈攝影美術館,Day_08 (https://app.notion.com/p/Day_08-0db54aaf45f083b99949811212069afd?pvs=21),8,2,11:00,"位於海拔約 2,200 公尺的山巔攝影美術館，建築與群山景觀融為一體。",,"Kronplatz, South Tyrol, Italy",,城市與文化,,3,Type_B: 圖文左右交叉,纜車套票,景點,
國王湖下湖區電動船,Day_03 (https://app.notion.com/p/Day_03-53054aaf45f082f7bdd601f693e4b731?pvs=21),3,2,09:00,搭乘電動船深入湖區，欣賞清澈湖水、峭壁與聖巴塔羅美教堂。,PXL_20260614_081216454.jpg,"Schönau am Königssee, Germany",,湖泊與高山,,1,Type_B: 圖文左右交叉,團體行程安排,活動,
布萊耶斯湖,Day_03 (https://app.notion.com/p/Day_03-53054aaf45f082f7bdd601f693e4b731?pvs=21),3,2.5,14:00,碧綠湖水被雄偉山峰環繞，可沿 3.6 公里湖畔步道散步或自費划船。,,"Pragser Wildsee, South Tyrol, Italy",,湖泊與高山,,2,Type_C: 左圖片右文字,團體行程安排,景點,
嘉蒂娜山谷車遊,Day_05 (https://app.notion.com/p/Day_05-b9e54aaf45f08232891a814efd3a0768?pvs=21),5,2,16:00,車遊嘉蒂娜山谷，沿途欣賞白雲石山峰與山谷景觀。,,"Val Gardena, South Tyrol, Italy",,多洛米蒂山景,,4,Type_A: 路線風格,,景點,
刀鋒山（Seceda）纜車,Day_07 (https://app.notion.com/p/Day_07-4a354aaf45f08378832681bf51f0c8fe?pvs=21),7,1.5,10:00,"搭乘塞塞達纜車登上海拔約 2,518 公尺的刀鋒山，眺望 Puez-Odle 群山。",PXL_20260618_135351819.jpg,"Seceda, Ortisei, Italy",,多洛米蒂山景,,7,Type_C: 左圖片右文字,纜車套票,景點,
抵達台北,Day_13 (https://app.notion.com/p/Day_13-d0e54aaf45f083db8a0881eba9974055?pvs=21),13,0.5,06:30,6/24 抵達台北，結束 13 天多洛米堤旅程。,,"Taipei, Taiwan",,,,,,,活動,
五塔峰健行／纜車,Day_05 (https://app.notion.com/p/Day_05-b9e54aaf45f08232891a814efd3a0768?pvs=21),5,2,10:00,奇形大石柱如五座塔樓，搭配纜車欣賞嘉蒂納山谷群峰。,,"Cinque Torri, Cortina d’Ampezzo, Italy",,多洛米蒂山景,,2,Type_B: 圖文左右交叉,團體行程安排,活動,
索拉皮斯湖健行,Day_05 (https://app.notion.com/p/Day_05-b9e54aaf45f08232891a814efd3a0768?pvs=21),5,2,08:00,以牛奶藍湖水聞名的高山湖泊；健行難度較高，可依體力選擇參加。,PXL_20260617_160026746.jpg,"Sorapis, Italy",,湖泊與高山,,4,Type_C: 左圖片右文字,依天候與體力安排,活動,
大白雲巖路與波多伊隘口,Day_05 (https://app.notion.com/p/Day_05-b9e54aaf45f08232891a814efd3a0768?pvs=21),5,2,13:00,行經多洛米堤山群 48 號公路與波多伊山口，欣賞高聳險峻的山峰。,,"Dolomites, Italy",,多洛米蒂山景,,3,Type_A: 路線風格,,景點,
三尖峰健行,Day_04 (https://app.notion.com/p/Day_04-8e854aaf45f0821a992101f6a34b94cb?pvs=21),4,3,10:00,多洛米堤經典步道，三座垛口狀巨峰拔地而起，景色壯闊。,PXL_20260615_085456101.jpg,"Tre Cime di Lavaredo, Italy",,多洛米蒂山景,,1,Type_C: 左圖片右文字,團體行程安排,活動,
卡雷扎湖,Day_05 (https://app.notion.com/p/Day_05-b9e54aaf45f08232891a814efd3a0768?pvs=21),5,0.5,15:30,被稱為彩虹湖，湖水在陽光下呈現翡翠綠與藍色層次。,,"Lake Carezza, Nova Levante, Italy",,湖泊與高山,,5,Type_C: 左圖片右文字,,景點,
加爾米施小鎮,Day_11 (https://app.notion.com/p/Day_11-6eb54aaf45f082bcbd750181fbce651c?pvs=21),11,1,10:00,德國阿爾卑斯山腳下的巴伐利亞小鎮，也是前往楚格峰的門戶。,,"Garmisch-Partenkirchen, Germany",,城市與文化,,7,Type_B: 圖文左右交叉,,景點,
慕尼黑→台北（夜宿機上）,Day_12 (https://app.notion.com/p/Day_12-28154aaf45f0828389eb018b595a39a0?pvs=21),12,0.5,12:00,6/23 中午搭乘長榮航空 BR072 返台，夜宿機上。,,"Munich, Germany → Taipei, Taiwan",,,,,,,活動,
因斯布魯克老城與黃金屋頂,Day_10 (https://app.notion.com/p/Day_10-2be54aaf45f082a1b4f201e4c8c2a28a?pvs=21),10,1.5,11:00,散步於因斯布魯克老城，欣賞著名地標黃金屋頂與阿爾卑斯山城景色。,,"Innsbruck, Austria",,城市與文化,,6,Type_B: 圖文左右交叉,,景點,
慕尼黑市區散步：瑪利亞廣場、新市政廳,Day_11 (https://app.notion.com/p/Day_11-6eb54aaf45f082bcbd750181fbce651c?pvs=21),11,2,17:00,漫步慕尼黑市區，參觀瑪利亞廣場與新市政廳，感受巴伐利亞文化。,,"Munich, Germany",,城市與文化,,8,Type_B: 圖文左右交叉,,景點,
楚格峰登頂與山頂散步,Day_11 (https://app.notion.com/p/Day_11-6eb54aaf45f082bcbd750181fbce651c?pvs=21),11,2.5,11:00,"搭乘纜車登上海拔近 3,000 公尺的德國最高峰，俯瞰德奧邊境群山。",PXL_20260622_112513175.jpg,"Zugspitze, Germany",,湖泊與高山,,8,Type_C: 左圖片右文字,纜車套票,活動,
阿亨湖,Day_10 (https://app.notion.com/p/Day_10-2be54aaf45f082a1b4f201e4c8c2a28a?pvs=21),10,1,16:00,蒂羅爾區最大的高山湖泊，湖水由碧綠至深藍，群山環抱。,,"Achensee, Tyrol, Austria",,湖泊與高山,,7,Type_C: 左圖片右文字,,景點,
特里爾→慕尼黑,Day_01 (https://app.notion.com/p/Day_01-48154aaf45f083ef8e69816fff14b57a?pvs=21),1,1,07:30,特里爾搭火車到慕尼黑，在機場住宿一個晚上以後，隔天到機場跟其他團員會合。,,"Trier, Germany → Munich, Germany",,,,,,,交通,
參觀老繪畫陳列館,Day_01 (https://app.notion.com/p/Day_01-48154aaf45f083ef8e69816fff14b57a?pvs=21),1,2,13:30,,https://lh3.googleusercontent.com/gps-cs-s/ANWiy9QoJu9akcxWLXNuwucfQhYAAVA4Cp8qDFD5HU9i6Lya8H7fDwMz67OsKNASpzMPXdRQ_kUT4t4VzbGEB3QGyUIv8vETLZwJ_coQ9OCyflsVEN_cumXyy0nzHvD_0XjGRU11JgWOd-8wvH5I=s680-w680-h510-rw,"Munich, Germany",,城市與文化,,,Type_C: 左圖片右文字,,景點,https://www.pinakothek.de/de/alte-pinakothek