pack_name,pack_allocation,pack_num,pack_packed,pack_page_name,pack_type
護照(確認有效期>6個月),隨身包,,No,行李打包清單,A_重要物品/文件
現金,隨身包,,No,行李打包清單,A_重要物品/文件
重要文件影本,隨身包,,No,行李打包清單,A_重要物品/文件
隨身小包,隨身包,,No,行李打包清單,A_重要物品/文件
大頭照,隨身包,,No,行李打包清單,A_重要物品/文件
身分證/健保卡,隨身包,,No,行李打包清單,A_重要物品/文件
旅遊保險與行程文件,隨身包,,No,行李打包清單,A_重要物品/文件
歐元現金／信用卡,隨身包,,No,行李打包清單,A_重要物品/文件
帽子,托運行李箱2,,No,行李打包清單,B_衣物鞋襪
文具包(紙/筆/貼),小孩背包,,Yes,行李打包清單,F_其他
睡衣睡褲,托運行李箱2,,No,行李打包清單,B_衣物鞋襪
書本與娛樂,小孩背包,,No,行李打包清單,F_其他
內衣/內褲/襪子…,托運行李箱2,10,No,行李打包清單,B_衣物鞋襪
褲子/裙子,托運行李箱2,10,No,行李打包清單,B_衣物鞋襪
衣服,托運行李箱2,20,No,行李打包清單,B_衣物鞋襪
厚/薄外套,後背包,,No,行李打包清單,B_衣物鞋襪
圍巾/手套/暖暖包/脖圍,後背包,,No,行李打包清單,B_衣物鞋襪
盥洗用品 (旅行袋/拖鞋/衣架/毛巾),托運行李箱1,4,No,行李打包清單,C_盥洗用品
衣物袋/髒衣袋,托運行李箱1,,No,行李打包清單,C_盥洗用品
沐浴用品 (沐浴/洗髮/潤髮/洗臉/卸妝),托運行李箱1,,No,行李打包清單,C_盥洗用品
旅行配件 (牙刷/牙膏/刮鬍刀),托運行李箱1,,No,行李打包清單,C_盥洗用品
保養品/乳液,托運行李箱1,,No,行李打包清單,C_盥洗用品
化妝包 (粉底/蜜粉/眉筆/眼線筆/隔離霜/防曬霜),托運行李箱1,,No,行李打包清單,C_盥洗用品
維他命/益生菌,托運行李箱1,,No,行李打包清單,D_藥品
常備藥品 (抗過敏/綜合感冒/止痛/腸胃/退燒),托運行李箱1,,No,行李打包清單,D_藥品
急救包 (ＯＫ蹦/碘酒棉片),托運行李箱1,,No,行李打包清單,D_藥品
充電器與轉接頭,托運行李箱1,,No,行李打包清單,E_電子產品/旅行配件
萬用插頭,隨身包,,No,行李打包清單,E_電子產品/旅行配件
手機/平板/電腦/耳機,隨身包,,No,行李打包清單,E_電子產品/旅行配件
充電器,隨身包,,No,行李打包清單,E_電子產品/旅行配件
行動電源,隨身包,,No,行李打包清單,E_電子產品/旅行配件
備用眼鏡/隱形眼鏡,托運行李箱1,,No,行李打包清單,F_其他
雨傘/雨衣,後背包,,Yes,行李打包清單,F_其他
保溫瓶/口罩/夾鏈袋,後背包,,No,行李打包清單,F_其他
面紙/濕紙巾,後背包,,No,行李打包清單,F_其他
牙線棒/指甲剪,後背包,,No,行李打包清單,F_其他
零食/餅乾/糖果,小孩背包,,Yes,行李打包清單,F_其他