itin_item,itin_time,itin_duration,spot_type
抵達台北,06:30,0.5,活動
特里爾→慕尼黑,07:30,1,交通
國王湖下湖區電動船,09:00,2,活動
加爾米施小鎮,10:00,1,景點
三尖峰健行,10:00,3,活動
五塔峰健行／纜車,10:00,2,活動
刀鋒山（Seceda）纜車,10:00,1.5,景點
楚格峰登頂與山頂散步,11:00,2.5,活動
因斯布魯克老城與黃金屋頂,11:00,1.5,景點
Lumen山脈攝影美術館,11:00,2,景點
藍柯弗爾山環遊 I,11:00,1,活動
嘉蒂納山谷漫遊,11:30,1.5,活動
慕尼黑→台北（夜宿機上）,12:00,0.5,活動
三星米其林饗宴,12:00,3,活動
大白雲巖路與波多伊隘口,13:00,2,景點
艾斯瑞威爾特冰洞,13:00,2,景點
米蘇里娜湖,13:00,2,景點
參觀老繪畫陳列館,13:30,2,景點
梅斯納爾山岳博物館 MMM Corones,13:30,2,景點
布萊耶斯湖,14:00,2.5,景點
藍柯弗爾山環遊 II,14:00,2,活動
休斯高原（Alpe di Siusi）,15:00,2,景點
卡雷扎湖,15:30,0.5,景點
索拉皮斯湖健行,15:30,2,活動
阿亨湖,16:00,1,景點
嘉蒂娜山谷車遊,16:00,2,景點
慕尼黑市區散步：瑪利亞廣場、新市政廳,17:00,2,景點
科爾蒂納丹佩佐小鎮漫步,17:30,1,景點
富內斯山谷漫步,18:00,2,景點