itin_item,spot_description,spot_open_time,spot_ticket,spot_website,spot_location,spot_slide_order,spot_slide_type
富內斯山谷漫步,走訪多洛米堤最具代表性的山谷景觀，欣賞聖馬達萊納教堂與白雲石群峰。,,,,"Val di Funes, South Tyrol, Italy",9,Type_C: 左圖片右文字
藍柯弗爾山環遊 I,搭乘第一段纜車展開藍柯弗爾山環遊，欣賞塞拉群山景色。,,纜車套票,,"Langkofel, Val Gardena, Italy",5,Type_B: 圖文左右交叉
國王湖下湖區電動船,搭乘電動船深入湖區，欣賞清澈湖水、峭壁與聖巴塔羅美教堂。,,團體行程安排,,"Schönau am Königssee, Germany",1,Type_B: 圖文左右交叉
五塔峰健行／纜車,奇形大石柱如五座塔樓，搭配纜車欣賞嘉蒂納山谷群峰。,,團體行程安排,,"Cinque Torri, Cortina d’Ampezzo, Italy",2,Type_B: 圖文左右交叉
抵達台北,6/24 抵達台北，結束 13 天多洛米堤旅程。,,,,"Taipei, Taiwan",,
艾斯瑞威爾特冰洞,世界最大冰洞之一，洞內終年接近 0 度，沿冰牆與冰瀑探索冰雪世界。,,團體行程安排,,"Werfen, Austria",1,Type_B: 圖文左右交叉
米蘇里娜湖,有「多洛米堤的珍珠」之稱，湖泊被群山環抱。,,,,"Lake Misurina, Italy",3,Type_B: 圖文左右交叉
梅斯納爾山岳博物館 MMM Corones,"由 Zaha Hadid 設計、嵌入海拔約 2,275 公尺山巔的山岳博物館。",,纜車套票,,"Kronplatz, South Tyrol, Italy",4,Type_C: 左圖片右文字
嘉蒂納山谷漫遊,沿向陽草坡緩步下行，欣賞賽拉山群與藍柯弗爾山峰。,,視纜車狀況安排,,"Val Gardena, South Tyrol, Italy",8,Type_A: 路線風格
三尖峰健行,多洛米堤經典步道，三座垛口狀巨峰拔地而起，景色壯闊。,,團體行程安排,,"Tre Cime di Lavaredo, Italy",1,Type_C: 左圖片右文字
三星米其林饗宴,在歷史建築與 280 度景觀中享用多洛米堤山區三星米其林料理。,,團體行程安排,,"Dolomites, Italy",5,Type_B: 圖文左右交叉
嘉蒂娜山谷車遊,車遊嘉蒂娜山谷，沿途欣賞白雲石山峰與山谷景觀。,,,,"Val Gardena, South Tyrol, Italy",4,Type_A: 路線風格
大白雲巖路與波多伊隘口,行經多洛米堤山群 48 號公路與波多伊山口，欣賞高聳險峻的山峰。,,,,"Dolomites, Italy",3,Type_A: 路線風格
科爾蒂納丹佩佐小鎮漫步,多洛米堤知名山城與滑雪勝地，安排抵達後的小鎮散步。,,,,"Cortina d’Ampezzo, Italy",2,Type_B: 圖文左右交叉
藍柯弗爾山環遊 II,搭配不同樣式纜車與緩坡健行，從不同角度欣賞三座獨立山峰。,,纜車套票,,"Langkofel, Val Gardena, Italy",6,Type_B: 圖文左右交叉
休斯高原（Alpe di Siusi）,歐洲最高的高山草原之一，展開草原、森林與群峰交織的壯麗景色。,,纜車套票,,"Alpe di Siusi, Italy",6,Type_C: 左圖片右文字
Lumen山脈攝影美術館,"位於海拔約 2,200 公尺的山巔攝影美術館，建築與群山景觀融為一體。",,纜車套票,,"Kronplatz, South Tyrol, Italy",3,Type_B: 圖文左右交叉
布萊耶斯湖,碧綠湖水被雄偉山峰環繞，可沿 3.6 公里湖畔步道散步或自費划船。,,團體行程安排,,"Pragser Wildsee, South Tyrol, Italy",2,Type_C: 左圖片右文字
刀鋒山（Seceda）纜車,"搭乘塞塞達纜車登上海拔約 2,518 公尺的刀鋒山，眺望 Puez-Odle 群山。",,纜車套票,,"Seceda, Ortisei, Italy",7,Type_C: 左圖片右文字
索拉皮斯湖健行,以牛奶藍湖水聞名的高山湖泊；健行難度較高，可依體力選擇參加。,,依天候與體力安排,,"Sorapis, Italy",4,Type_C: 左圖片右文字
卡雷扎湖,被稱為彩虹湖，湖水在陽光下呈現翡翠綠與藍色層次。,,,,"Lake Carezza, Nova Levante, Italy",5,Type_C: 左圖片右文字
加爾米施小鎮,德國阿爾卑斯山腳下的巴伐利亞小鎮，也是前往楚格峰的門戶。,,,,"Garmisch-Partenkirchen, Germany",7,Type_B: 圖文左右交叉
慕尼黑→台北（夜宿機上）,6/23 中午搭乘長榮航空 BR072 返台，夜宿機上。,,,,"Munich, Germany → Taipei, Taiwan",,
因斯布魯克老城與黃金屋頂,散步於因斯布魯克老城，欣賞著名地標黃金屋頂與阿爾卑斯山城景色。,,,,"Innsbruck, Austria",6,Type_B: 圖文左右交叉
慕尼黑市區散步：瑪利亞廣場、新市政廳,漫步慕尼黑市區，參觀瑪利亞廣場與新市政廳，感受巴伐利亞文化。,,,,"Munich, Germany",8,Type_B: 圖文左右交叉
楚格峰登頂與山頂散步,"搭乘纜車登上海拔近 3,000 公尺的德國最高峰，俯瞰德奧邊境群山。",,纜車套票,,"Zugspitze, Germany",8,Type_C: 左圖片右文字
阿亨湖,蒂羅爾區最大的高山湖泊，湖水由碧綠至深藍，群山環抱。,,,,"Achensee, Tyrol, Austria",7,Type_C: 左圖片右文字
特里爾→慕尼黑,特里爾搭火車到慕尼黑，在機場住宿一個晚上以後，隔天到機場跟其他團員會合。,,,,"Trier, Germany → Munich, Germany",,
參觀老繪畫陳列館,,,,https://www.pinakothek.de/de/alte-pinakothek,"Munich, Germany",,Type_C: 左圖片右文字