food_name,food_description,food_address,food_phone,food_website_email,food_page_name,food_slide_order
鱒魚料理,第2天午餐：國王湖區鱒魚料理。,,,,美食,3
義式牛排料理,第3天午餐：義式牛排料理。,,,,美食,5
烤花枝料理,第3天晚餐：烤花枝料理。,,,,美食,6
飯店內早餐,多數住宿日的早餐，依住宿飯店安排。,,,,美食,2
山區料理,第4、6、7天等山區行程安排的山區料理。,,,,美食,8
機上餐,去程與回程搭乘長榮航空，餐食於機上提供。,,,,美食,1
飯店主廚料理,多日住宿飯店安排的主廚精緻料理。,,,,美食,4
湖區料理,第4天午餐：多洛米堤湖區料理。,,,,美食,7
三星米其林料理,第9天午餐：多洛米堤山區三星米其林饗宴。,,,,美食,9
西式風味料理,第10天午餐：西式風味料理。,,,,美食,10
米其林推薦料理,第11天晚餐；慕尼黑米其林推薦料理。,,,,,
龍蝦麵料理,第7天午餐；嘉蒂納山谷行程中的特色料理。,,,,,
烤雞料理,第8天午餐；山區行程中的烤雞料理。,,,,,
山頂套餐料理,第11天午餐；楚格峰山頂套餐。,,,,,